regime,count,pct
Up_LowVol,10275,0.2934791922538631
Down_LowVol,8541,0.24395190083116736
Down_HighVol,8500,0.242780840307332
Up_HighVol,7695,0.2197880666076376
